Quiz ID,Quiz Title,Classroom ID,Classroom Name,Teacher Name,Question ID,Question Text,Correct Answers,Total Attempts,Correct Rate,Avg Time (sec),Device (Answer Submission),Avg View Time (sec),Teacher Feedback
quiz1,Quiz 1,c1,Classroom 1,Rowan Young,quiz1_q1,Question 1 of quiz1,15,20,75.0%,16.9,Notebook,19,
quiz1,Quiz 1,c1,Classroom 1,Rowan Young,quiz1_q2,Question 2 of quiz1,14,20,70.0%,21.8,Notebook,36,
quiz1,Quiz 1,c1,Classroom 1,Rowan Young,quiz1_q3,Question 3 of quiz1,13,20,65.0%,19.8,Notebook,16,
quiz1,Quiz 1,c1,Classroom 1,Rowan Young,quiz1_q4,Question 4 of quiz1,12,20,60.0%,18.1,Notebook,37,
quiz1,Quiz 1,c1,Classroom 1,Rowan Young,quiz1_q5,Question 5 of quiz1,11,20,55.0%,20.7,Notebook,11,
quiz1,Quiz 1,c1,Classroom 1,Rowan Young,quiz1_q6,Question 6 of quiz1,13,20,65.0%,19.5,Notebook,26,Needs improvement
quiz1,Quiz 1,c1,Classroom 1,Rowan Young,quiz1_q7,Question 7 of quiz1,15,20,75.0%,19.8,Notebook,32,
quiz1,Quiz 1,c1,Classroom 1,Rowan Young,quiz1_q8,Question 8 of quiz1,13,20,65.0%,18.4,Notebook,17,
quiz2,Quiz 2,c2,Classroom 2,Morgan Brown,quiz2_q1,Question 1 of quiz2,11,20,55.0%,15.3,Notebook,22,
quiz2,Quiz 2,c2,Classroom 2,Morgan Brown,quiz2_q2,Question 2 of quiz2,16,20,80.0%,20.8,Notebook,18,
quiz2,Quiz 2,c2,Classroom 2,Morgan Brown,quiz2_q3,Question 3 of quiz2,16,20,80.0%,19.1,Notebook,37,Needs improvement
quiz2,Quiz 2,c2,Classroom 2,Morgan Brown,quiz2_q4,Question 4 of quiz2,15,20,75.0%,21.9,Notebook,25,
quiz2,Quiz 2,c2,Classroom 2,Morgan Brown,quiz2_q5,Question 5 of quiz2,14,20,70.0%,20.6,Notebook,32,Needs improvement
quiz2,Quiz 2,c2,Classroom 2,Morgan Brown,quiz2_q6,Question 6 of quiz2,17,20,85.0%,19.4,Notebook,23,Needs improvement
quiz2,Quiz 2,c2,Classroom 2,Morgan Brown,quiz2_q7,Question 7 of quiz2,13,20,65.0%,18.3,Notebook,15,
quiz2,Quiz 2,c2,Classroom 2,Morgan Brown,quiz2_q8,Question 8 of quiz2,14,20,70.0%,19.8,Notebook,38,
quiz3,Quiz 3,c3,Classroom 3,Sam Smith,quiz3_q1,Question 1 of quiz3,11,20,55.0%,16.3,Notebook,25,
quiz3,Quiz 3,c3,Classroom 3,Sam Smith,quiz3_q2,Question 2 of quiz3,14,20,70.0%,20.6,Notebook,29,
quiz3,Quiz 3,c3,Classroom 3,Sam Smith,quiz3_q3,Question 3 of quiz3,14,20,70.0%,20.8,Notebook,28,Needs improvement
quiz3,Quiz 3,c3,Classroom 3,Sam Smith,quiz3_q4,Question 4 of quiz3,12,20,60.0%,17.8,Notebook,39,
quiz3,Quiz 3,c3,Classroom 3,Sam Smith,quiz3_q5,Question 5 of quiz3,11,20,55.0%,20.3,Notebook,18,
quiz3,Quiz 3,c3,Classroom 3,Sam Smith,quiz3_q6,Question 6 of quiz3,14,20,70.0%,19.1,Notebook,17,
quiz3,Quiz 3,c3,Classroom 3,Sam Smith,quiz3_q7,Question 7 of quiz3,14,20,70.0%,18.4,Notebook,35,
quiz3,Quiz 3,c3,Classroom 3,Sam Smith,quiz3_q8,Question 8 of quiz3,11,20,55.0%,22.3,Notebook,26,
quiz4,Quiz 4,c4,Classroom 4,Rowan Young,quiz4_q1,Question 1 of quiz4,12,20,60.0%,19.8,Notebook,26,Needs improvement
quiz4,Quiz 4,c4,Classroom 4,Rowan Young,quiz4_q2,Question 2 of quiz4,16,20,80.0%,18.9,Notebook,11,Needs improvement
quiz4,Quiz 4,c4,Classroom 4,Rowan Young,quiz4_q3,Question 3 of quiz4,16,20,80.0%,17.2,Notebook,25,
quiz4,Quiz 4,c4,Classroom 4,Rowan Young,quiz4_q4,Question 4 of quiz4,10,20,50.0%,14.2,Notebook,13,
quiz4,Quiz 4,c4,Classroom 4,Rowan Young,quiz4_q5,Question 5 of quiz4,15,20,75.0%,20.4,Notebook,18,
quiz4,Quiz 4,c4,Classroom 4,Rowan Young,quiz4_q6,Question 6 of quiz4,13,20,65.0%,17.9,Notebook,11,
quiz4,Quiz 4,c4,Classroom 4,Rowan Young,quiz4_q7,Question 7 of quiz4,16,20,80.0%,20.1,Notebook,19,
quiz4,Quiz 4,c4,Classroom 4,Rowan Young,quiz4_q8,Question 8 of quiz4,17,20,85.0%,18.7,Notebook,23,
quiz5,Quiz 5,c1,Classroom 1,Rowan Young,quiz5_q1,Question 1 of quiz5,15,20,75.0%,18.6,Notebook,20,Needs improvement
quiz5,Quiz 5,c1,Classroom 1,Rowan Young,quiz5_q2,Question 2 of quiz5,15,20,75.0%,17.6,Notebook,12,
quiz5,Quiz 5,c1,Classroom 1,Rowan Young,quiz5_q3,Question 3 of quiz5,17,20,85.0%,24.1,Notebook,38,
quiz5,Quiz 5,c1,Classroom 1,Rowan Young,quiz5_q4,Question 4 of quiz5,13,20,65.0%,18.1,Notebook,14,
quiz5,Quiz 5,c1,Classroom 1,Rowan Young,quiz5_q5,Question 5 of quiz5,13,20,65.0%,17.6,Notebook,15,
quiz5,Quiz 5,c1,Classroom 1,Rowan Young,quiz5_q6,Question 6 of quiz5,19,20,95.0%,19.6,Notebook,21,
quiz5,Quiz 5,c1,Classroom 1,Rowan Young,quiz5_q7,Question 7 of quiz5,16,20,80.0%,19.5,Notebook,36,
quiz5,Quiz 5,c1,Classroom 1,Rowan Young,quiz5_q8,Question 8 of quiz5,17,20,85.0%,17.6,Notebook,10,Needs improvement
quiz6,Quiz 6,c2,Classroom 2,Morgan Brown,quiz6_q1,Question 1 of quiz6,14,20,70.0%,16.9,Notebook,16,
quiz6,Quiz 6,c2,Classroom 2,Morgan Brown,quiz6_q2,Question 2 of quiz6,18,20,90.0%,17.6,Notebook,36,
quiz6,Quiz 6,c2,Classroom 2,Morgan Brown,quiz6_q3,Question 3 of quiz6,14,20,70.0%,19.1,Notebook,19,Needs improvement
quiz6,Quiz 6,c2,Classroom 2,Morgan Brown,quiz6_q4,Question 4 of quiz6,13,20,65.0%,21.0,Notebook,21,Needs improvement
quiz6,Quiz 6,c2,Classroom 2,Morgan Brown,quiz6_q5,Question 5 of quiz6,17,20,85.0%,20.8,Notebook,12,Needs improvement
quiz6,Quiz 6,c2,Classroom 2,Morgan Brown,quiz6_q6,Question 6 of quiz6,14,20,70.0%,18.6,Notebook,35,Needs improvement
quiz6,Quiz 6,c2,Classroom 2,Morgan Brown,quiz6_q7,Question 7 of quiz6,16,20,80.0%,20.9,Notebook,14,Needs improvement
quiz6,Quiz 6,c2,Classroom 2,Morgan Brown,quiz6_q8,Question 8 of quiz6,13,20,65.0%,19.8,Notebook,17,
